syn52185810	.ipynb_checkpoints/
syn52236866	230601_iPSC_art_ven_EC_10Xmultiome/
syn52261199	230601_iPSC_art_ven_EC_10Xmultiome.combinedFiltered.hg38.rna.h5
syn52270618	230601_iPSC_art_ven_EC_10Xmultiome_CPM.tsv
syn52236928	230601_iPSC_art_ven_EC_10Xmultiome_Cluster0.atac.filter.cutsites.hg38.tagAlign.gz
syn52236921	230601_iPSC_art_ven_EC_10Xmultiome_Cluster1.atac.filter.cutsites.hg38.tagAlign.gz
syn52236897	230601_iPSC_art_ven_EC_10Xmultiome_Cluster10.atac.filter.cutsites.hg38.tagAlign.gz
syn52236898	230601_iPSC_art_ven_EC_10Xmultiome_Cluster11.atac.filter.cutsites.hg38.tagAlign.gz
syn52236899	230601_iPSC_art_ven_EC_10Xmultiome_Cluster12.atac.filter.cutsites.hg38.tagAlign.gz
syn52236915	230601_iPSC_art_ven_EC_10Xmultiome_Cluster2.atac.filter.cutsites.hg38.tagAlign.gz
syn52236918	230601_iPSC_art_ven_EC_10Xmultiome_Cluster3.atac.filter.cutsites.hg38.tagAlign.gz
syn52236902	230601_iPSC_art_ven_EC_10Xmultiome_Cluster4.atac.filter.cutsites.hg38.tagAlign.gz
syn52236903	230601_iPSC_art_ven_EC_10Xmultiome_Cluster5.atac.filter.cutsites.hg38.tagAlign.gz
syn52236908	230601_iPSC_art_ven_EC_10Xmultiome_Cluster6.atac.filter.cutsites.hg38.tagAlign.gz
syn52236907	230601_iPSC_art_ven_EC_10Xmultiome_Cluster7.atac.filter.cutsites.hg38.tagAlign.gz
syn52236929	230601_iPSC_art_ven_EC_10Xmultiome_Cluster8.atac.filter.cutsites.hg38.tagAlign.gz
syn52236932	230601_iPSC_art_ven_EC_10Xmultiome_Cluster9.atac.filter.cutsites.hg38.tagAlign.gz
syn52236941	230601_iPSC_art_ven_EC_10Xmultiome_ClusterAssignment.tsv
syn52236936	230601_iPSC_art_ven_EC_10Xmultiome_ClusterMetadata.tsv
syn52289185	CharacterizationMcGinnis_Dataset0/
syn52291466	CharacterizationMcGinnis_Dataset0.combinedFiltered.hg38.rna.h5
syn52292008	CharacterizationMcGinnis_Dataset0_CPM.tsv
syn52298027	CharacterizationMcGinnis_Dataset0_CellClusterAssignment.tsv
syn52298028	CharacterizationMcGinnis_Dataset0_ClusterMetadata.tsv
syn52289186	CharacterizationMcGinnis_Dataset0_cluster0.atac.filter.cutsites.hg38.tagAlign.tsv.gz
syn52289187	CharacterizationMcGinnis_Dataset0_cluster1.atac.filter.cutsites.hg38.tagAlign.tsv.gz
syn52289189	CharacterizationMcGinnis_Dataset0_cluster2.atac.filter.cutsites.hg38.tagAlign.tsv.gz
syn52289190	CharacterizationMcGinnis_Dataset0_cluster3.atac.filter.cutsites.hg38.tagAlign.tsv.gz
syn52289192	CharacterizationMcGinnis_Dataset0_cluster4.atac.filter.cutsites.hg38.tagAlign.tsv.gz
syn52289193	CharacterizationMcGinnis_Dataset0_cluster5.atac.filter.cutsites.hg38.tagAlign.tsv.gz
syn52289194	CharacterizationMcGinnis_Dataset0_cluster6.atac.filter.cutsites.hg38.tagAlign.tsv.gz
syn52292213	CharacterizationMcGinnis_Dataset1/
syn52292247	CharacterizationMcGinnis_Dataset1.combinedFiltered.hg38.rna.h5
syn52293639	CharacterizationMcGinnis_Dataset1_CPM.tsv
syn52298029	CharacterizationMcGinnis_Dataset1_CellClusterAssignment.tsv
syn52298030	CharacterizationMcGinnis_Dataset1_ClusterMetadata.tsv
syn52293668	CharacterizationMcGinnis_Dataset1_cluster0.atac.filter.cutsites.hg38.tagAlign.tsv.gz
syn52293560	CharacterizationMcGinnis_Dataset1_cluster1.atac.filter.cutsites.hg38.tagAlign.tsv.gz
syn52293570	CharacterizationMcGinnis_Dataset1_cluster2.atac.filter.cutsites.hg38.tagAlign.tsv.gz
syn52293609	CharacterizationMcGinnis_Dataset1_cluster3.atac.filter.cutsites.hg38.tagAlign.tsv.gz
syn52293625	CharacterizationMcGinnis_Dataset1_cluster4.atac.filter.cutsites.hg38.tagAlign.tsv.gz
syn52293628	CharacterizationMcGinnis_Dataset1_cluster5.atac.filter.cutsites.hg38.tagAlign.tsv.gz
syn52293629	CharacterizationMcGinnis_Dataset1_cluster6.atac.filter.cutsites.hg38.tagAlign.tsv.gz
syn52293704	CharacterizationMcGinnis_Dataset10/
syn52293716	CharacterizationMcGinnis_Dataset10.combinedFiltered.hg38.rna.h5
syn52298048	CharacterizationMcGinnis_Dataset10_CellClusterAssignment.tsv
syn52298049	CharacterizationMcGinnis_Dataset10_ClusterMetadata.tsv
syn52297853	CharacterizationMcGinnis_Dataset10_cluster0.atac.filter.cutsites.hg38.tagAlign.tsv.gz
syn52297894	CharacterizationMcGinnis_Dataset10_cluster1.atac.filter.cutsites.hg38.tagAlign.tsv.gz
syn52297896	CharacterizationMcGinnis_Dataset10_cluster2.atac.filter.cutsites.hg38.tagAlign.tsv.gz
syn52297909	CharacterizationMcGinnis_Dataset10_cluster3.atac.filter.cutsites.hg38.tagAlign.tsv.gz
syn52297921	CharacterizationMcGinnis_Dataset10_cluster4.atac.filter.cutsites.hg38.tagAlign.tsv.gz
syn52297924	CharacterizationMcGinnis_Dataset10_cluster5.atac.filter.cutsites.hg38.tagAlign.tsv.gz
syn52297927	CharacterizationMcGinnis_Dataset10_cluster6.atac.filter.cutsites.hg38.tagAlign.tsv.gz
syn52297941	CharacterizationMcGinnis_Dataset10_cluster7.atac.filter.cutsites.hg38.tagAlign.tsv.gz
syn52297942	CharacterizationMcGinnis_Dataset10_cluster8.atac.filter.cutsites.hg38.tagAlign.tsv.gz
syn52291133	CharacterizationMcGinnis_Dataset2/
syn52294133	CharacterizationMcGinnis_Dataset2_CPM.tsv
syn52298031	CharacterizationMcGinnis_Dataset2_CellClusterAssignment.tsv
syn52298032	CharacterizationMcGinnis_Dataset2_ClusterMetadata.tsv
syn52291178	CharacterizationMcGinnis_Dataset2_cluster0.atac.filter.cutsites.hg38.tagAlign.tsv.gz
syn52291194	CharacterizationMcGinnis_Dataset2_cluster1.atac.filter.cutsites.hg38.tagAlign.tsv.gz
syn52291209	CharacterizationMcGinnis_Dataset2_cluster2.atac.filter.cutsites.hg38.tagAlign.tsv.gz
syn52291223	CharacterizationMcGinnis_Dataset2_cluster3.atac.filter.cutsites.hg38.tagAlign.tsv.gz
syn52291236	CharacterizationMcGinnis_Dataset2_cluster4.atac.filter.cutsites.hg38.tagAlign.tsv.gz
syn52291240	CharacterizationMcGinnis_Dataset2_cluster5.atac.filter.cutsites.hg38.tagAlign.tsv.gz
syn52291244	CharacterizationMcGinnis_Dataset2_cluster6.atac.filter.cutsites.hg38.tagAlign.tsv.gz
syn52291491	CharacterizationMcGinnis_Dataset3/
syn52298033	CharacterizationMcGinnis_Dataset3.combinedFiltered.hg38.rna.h5
syn52298034	CharacterizationMcGinnis_Dataset3_CellClusterAssignment.tsv
syn52298035	CharacterizationMcGinnis_Dataset3_ClusterMetadata.tsv
syn52291563	CharacterizationMcGinnis_Dataset3_cluster0.atac.filter.cutsites.hg38.tagAlign.tsv.gz
syn52291580	CharacterizationMcGinnis_Dataset3_cluster1.atac.filter.cutsites.hg38.tagAlign.tsv.gz
syn52291742	CharacterizationMcGinnis_Dataset3_cluster10.atac.filter.cutsites.hg38.tagAlign.tsv.gz
syn52291752	CharacterizationMcGinnis_Dataset3_cluster11.atac.filter.cutsites.hg38.tagAlign.tsv.gz
syn52291769	CharacterizationMcGinnis_Dataset3_cluster12.atac.filter.cutsites.hg38.tagAlign.tsv.gz
syn52291773	CharacterizationMcGinnis_Dataset3_cluster13.atac.filter.cutsites.hg38.tagAlign.tsv.gz
syn52291776	CharacterizationMcGinnis_Dataset3_cluster14.atac.filter.cutsites.hg38.tagAlign.tsv.gz
syn52291778	CharacterizationMcGinnis_Dataset3_cluster15.atac.filter.cutsites.hg38.tagAlign.tsv.gz
syn52291780	CharacterizationMcGinnis_Dataset3_cluster16.atac.filter.cutsites.hg38.tagAlign.tsv.gz
syn52291782	CharacterizationMcGinnis_Dataset3_cluster17.atac.filter.cutsites.hg38.tagAlign.tsv.gz
syn52291783	CharacterizationMcGinnis_Dataset3_cluster18.atac.filter.cutsites.hg38.tagAlign.tsv.gz
syn52291636	CharacterizationMcGinnis_Dataset3_cluster2.atac.filter.cutsites.hg38.tagAlign.tsv.gz
syn52291663	CharacterizationMcGinnis_Dataset3_cluster3.atac.filter.cutsites.hg38.tagAlign.tsv.gz
syn52291687	CharacterizationMcGinnis_Dataset3_cluster4.atac.filter.cutsites.hg38.tagAlign.tsv.gz
syn52291696	CharacterizationMcGinnis_Dataset3_cluster5.atac.filter.cutsites.hg38.tagAlign.tsv.gz
syn52291713	CharacterizationMcGinnis_Dataset3_cluster6.atac.filter.cutsites.hg38.tagAlign.tsv.gz
syn52291721	CharacterizationMcGinnis_Dataset3_cluster7.atac.filter.cutsites.hg38.tagAlign.tsv.gz
syn52291728	CharacterizationMcGinnis_Dataset3_cluster8.atac.filter.cutsites.hg38.tagAlign.tsv.gz
syn52291736	CharacterizationMcGinnis_Dataset3_cluster9.atac.filter.cutsites.hg38.tagAlign.tsv.gz
syn52293693	CharacterizationMcGinnis_Dataset4/
syn52293730	CharacterizationMcGinnis_Dataset4.combinedFiltered.hg38.rna.h5
syn52298036	CharacterizationMcGinnis_Dataset4_CellClusterAssignment.tsv
syn52298037	CharacterizationMcGinnis_Dataset4_ClusterMetadata.tsv
syn52294098	CharacterizationMcGinnis_Dataset4_cluster0.atac.filter.cutsites.hg38.tagAlign.tsv.gz
syn52294100	CharacterizationMcGinnis_Dataset4_cluster1.atac.filter.cutsites.hg38.tagAlign.tsv.gz
syn52294123	CharacterizationMcGinnis_Dataset4_cluster10.atac.filter.cutsites.hg38.tagAlign.tsv.gz
syn52294130	CharacterizationMcGinnis_Dataset4_cluster11.atac.filter.cutsites.hg38.tagAlign.tsv.gz
syn52294131	CharacterizationMcGinnis_Dataset4_cluster12.atac.filter.cutsites.hg38.tagAlign.tsv.gz
syn52294132	CharacterizationMcGinnis_Dataset4_cluster13.atac.filter.cutsites.hg38.tagAlign.tsv.gz
syn52294104	CharacterizationMcGinnis_Dataset4_cluster2.atac.filter.cutsites.hg38.tagAlign.tsv.gz
syn52294107	CharacterizationMcGinnis_Dataset4_cluster3.atac.filter.cutsites.hg38.tagAlign.tsv.gz
syn52294109	CharacterizationMcGinnis_Dataset4_cluster4.atac.filter.cutsites.hg38.tagAlign.tsv.gz
syn52294111	CharacterizationMcGinnis_Dataset4_cluster5.atac.filter.cutsites.hg38.tagAlign.tsv.gz
syn52294114	CharacterizationMcGinnis_Dataset4_cluster6.atac.filter.cutsites.hg38.tagAlign.tsv.gz
syn52294115	CharacterizationMcGinnis_Dataset4_cluster7.atac.filter.cutsites.hg38.tagAlign.tsv.gz
syn52294117	CharacterizationMcGinnis_Dataset4_cluster8.atac.filter.cutsites.hg38.tagAlign.tsv.gz
syn52294118	CharacterizationMcGinnis_Dataset4_cluster9.atac.filter.cutsites.hg38.tagAlign.tsv.gz
syn52293696	CharacterizationMcGinnis_Dataset5/
syn52297702	CharacterizationMcGinnis_Dataset5.combinedFiltered.hg38.rna.h5
syn52298038	CharacterizationMcGinnis_Dataset5_CellClusterAssignment.tsv
syn52298039	CharacterizationMcGinnis_Dataset5_ClusterMetadata.tsv
syn52298050	CharacterizationMcGinnis_Dataset5_cluster0.atac.filter.cutsites.hg38.tagAlign.tsv.gz
syn52298058	CharacterizationMcGinnis_Dataset5_cluster1.atac.filter.cutsites.hg38.tagAlign.tsv.gz
syn52298060	CharacterizationMcGinnis_Dataset5_cluster2.atac.filter.cutsites.hg38.tagAlign.tsv.gz
syn52298148	CharacterizationMcGinnis_Dataset5_cluster3.atac.filter.cutsites.hg38.tagAlign.tsv.gz
syn52300530	CharacterizationMcGinnis_Dataset5_cluster4.atac.filter.cutsites.hg38.tagAlign.tsv.gz
syn52301340	CharacterizationMcGinnis_Dataset5_cluster5.atac.filter.cutsites.hg38.tagAlign.tsv.gz
syn52301860	CharacterizationMcGinnis_Dataset5_cluster6.atac.filter.cutsites.hg38.tagAlign.tsv.gz
syn52301923	CharacterizationMcGinnis_Dataset5_cluster7.atac.filter.cutsites.hg38.tagAlign.tsv.gz
syn52293698	CharacterizationMcGinnis_Dataset6/
syn52293810	CharacterizationMcGinnis_Dataset6.combinedFiltered.hg38.rna.h5
syn52298040	CharacterizationMcGinnis_Dataset6_CellClusterAssignment.tsv
syn52298041	CharacterizationMcGinnis_Dataset6_ClusterMetadata.tsv
syn52320590	CharacterizationMcGinnis_dataset6_cluster0.atac.filter.cutsites.hg38.tagAlign.tsv.gz
syn52319733	CharacterizationMcGinnis_dataset6_cluster1.atac.filter.cutsites.hg38.tagAlign.tsv.gz
syn52319256	CharacterizationMcGinnis_dataset6_cluster10.atac.filter.cutsites.hg38.tagAlign.tsv.gz
syn52319327	CharacterizationMcGinnis_dataset6_cluster11.atac.filter.cutsites.hg38.tagAlign.tsv.gz
syn52319331	CharacterizationMcGinnis_dataset6_cluster12.atac.filter.cutsites.hg38.tagAlign.tsv.gz
syn52319344	CharacterizationMcGinnis_dataset6_cluster13.atac.filter.cutsites.hg38.tagAlign.tsv.gz
syn52319352	CharacterizationMcGinnis_dataset6_cluster14.atac.filter.cutsites.hg38.tagAlign.tsv.gz
syn52319356	CharacterizationMcGinnis_dataset6_cluster15.atac.filter.cutsites.hg38.tagAlign.tsv.gz
syn52319359	CharacterizationMcGinnis_dataset6_cluster16.atac.filter.cutsites.hg38.tagAlign.tsv.gz
syn52319361	CharacterizationMcGinnis_dataset6_cluster17.atac.filter.cutsites.hg38.tagAlign.tsv.gz
syn52319364	CharacterizationMcGinnis_dataset6_cluster18.atac.filter.cutsites.hg38.tagAlign.tsv.gz
syn52319450	CharacterizationMcGinnis_dataset6_cluster19.atac.filter.cutsites.hg38.tagAlign.tsv.gz
syn52319657	CharacterizationMcGinnis_dataset6_cluster2.atac.filter.cutsites.hg38.tagAlign.tsv.gz
syn52319461	CharacterizationMcGinnis_dataset6_cluster20.atac.filter.cutsites.hg38.tagAlign.tsv.gz
syn52319464	CharacterizationMcGinnis_dataset6_cluster21.atac.filter.cutsites.hg38.tagAlign.tsv.gz
syn52319465	CharacterizationMcGinnis_dataset6_cluster22.atac.filter.cutsites.hg38.tagAlign.tsv.gz
syn52319466	CharacterizationMcGinnis_dataset6_cluster23.atac.filter.cutsites.hg38.tagAlign.tsv.gz
syn52319467	CharacterizationMcGinnis_dataset6_cluster24.atac.filter.cutsites.hg38.tagAlign.tsv.gz
syn52319468	CharacterizationMcGinnis_dataset6_cluster25.atac.filter.cutsites.hg38.tagAlign.tsv.gz
syn52319531	CharacterizationMcGinnis_dataset6_cluster3.atac.filter.cutsites.hg38.tagAlign.tsv.gz
syn52319553	CharacterizationMcGinnis_dataset6_cluster4.atac.filter.cutsites.hg38.tagAlign.tsv.gz
syn52319606	CharacterizationMcGinnis_dataset6_cluster5.atac.filter.cutsites.hg38.tagAlign.tsv.gz
syn52318989	CharacterizationMcGinnis_dataset6_cluster6.atac.filter.cutsites.hg38.tagAlign.tsv.gz
syn52319128	CharacterizationMcGinnis_dataset6_cluster7.atac.filter.cutsites.hg38.tagAlign.tsv.gz
syn52319220	CharacterizationMcGinnis_dataset6_cluster8.atac.filter.cutsites.hg38.tagAlign.tsv.gz
syn52319243	CharacterizationMcGinnis_dataset6_cluster9.atac.filter.cutsites.hg38.tagAlign.tsv.gz
syn52293699	CharacterizationMcGinnis_Dataset7_human/
syn52293809	CharacterizationMcGinnis_Dataset7_human.combinedFiltered.hg38.rna.h5
syn52298042	CharacterizationMcGinnis_Dataset7_human_CellClusterAssignment.tsv
syn52298043	CharacterizationMcGinnis_Dataset7_human_ClusterMetadata.tsv
syn52298062	CharacterizationMcGinnis_dataset7_human_cluster0.atac.filter.cutsites.hg38.tagAlign.tsv.gz
syn52316242	CharacterizationMcGinnis_dataset7_human_cluster1.atac.filter.cutsites.hg38.tagAlign.tsv.gz
syn52316529	CharacterizationMcGinnis_dataset7_human_cluster2.atac.filter.cutsites.hg38.tagAlign.tsv.gz
syn52316661	CharacterizationMcGinnis_dataset7_human_cluster3.atac.filter.cutsites.hg38.tagAlign.tsv.gz
syn52316708	CharacterizationMcGinnis_dataset7_human_cluster4.atac.filter.cutsites.hg38.tagAlign.tsv.gz
syn52316730	CharacterizationMcGinnis_dataset7_human_cluster5.atac.filter.cutsites.hg38.tagAlign.tsv.gz
syn52319219	CharacterizationMcGinnis_Dataset7_mouse/
syn52319593	CharacterizationMcGinnis_Dataset7_mouse.combinedFiltered.hg38.rna.h5
syn52319571	CharacterizationMcGinnis_Dataset7_mouse_CellClusterAssignment.tsv
syn52319572	CharacterizationMcGinnis_Dataset7_mouse_ClusterMetadata.tsv
syn52319576	CharacterizationMcGinnis_Dataset7_mouse_cluster0.atac.filter.cutsites.mm39.tagAlign.tsv.gz
syn52319577	CharacterizationMcGinnis_Dataset7_mouse_cluster1.atac.filter.cutsites.mm39.tagAlign.tsv.gz
syn52319588	CharacterizationMcGinnis_Dataset7_mouse_cluster10.atac.filter.cutsites.mm39.tagAlign.tsv.gz
syn52319589	CharacterizationMcGinnis_Dataset7_mouse_cluster11.atac.filter.cutsites.mm39.tagAlign.tsv.gz
syn52319591	CharacterizationMcGinnis_Dataset7_mouse_cluster12.atac.filter.cutsites.mm39.tagAlign.tsv.gz
syn52319580	CharacterizationMcGinnis_Dataset7_mouse_cluster2.atac.filter.cutsites.mm39.tagAlign.tsv.gz
syn52319581	CharacterizationMcGinnis_Dataset7_mouse_cluster3.atac.filter.cutsites.mm39.tagAlign.tsv.gz
syn52319582	CharacterizationMcGinnis_Dataset7_mouse_cluster4.atac.filter.cutsites.mm39.tagAlign.tsv.gz
syn52319583	CharacterizationMcGinnis_Dataset7_mouse_cluster5.atac.filter.cutsites.mm39.tagAlign.tsv.gz
syn52319584	CharacterizationMcGinnis_Dataset7_mouse_cluster6.atac.filter.cutsites.mm39.tagAlign.tsv.gz
syn52319585	CharacterizationMcGinnis_Dataset7_mouse_cluster7.atac.filter.cutsites.mm39.tagAlign.tsv.gz
syn52319586	CharacterizationMcGinnis_Dataset7_mouse_cluster8.atac.filter.cutsites.mm39.tagAlign.tsv.gz
syn52319587	CharacterizationMcGinnis_Dataset7_mouse_cluster9.atac.filter.cutsites.mm39.tagAlign.tsv.gz
syn52293703	CharacterizationMcGinnis_Dataset9/
syn52293814	CharacterizationMcGinnis_Dataset9.combinedFiltered.hg38.rna.h5
syn52298046	CharacterizationMcGinnis_Dataset9_CellClusterAssignment.tsv
syn52298047	CharacterizationMcGinnis_Dataset9_ClusterMetadata.tsv
syn52297425	CharacterizationMcGinnis_Dataset9_cluster1.atac.filter.cutsites.hg38.tagAlign.tsv.gz
syn52297446	CharacterizationMcGinnis_Dataset9_cluster2.atac.filter.cutsites.hg38.tagAlign.tsv.gz
syn52297465	CharacterizationMcGinnis_Dataset9_cluster3.atac.filter.cutsites.hg38.tagAlign.tsv.gz
syn52297545	CharacterizationMcGinnis_Dataset9_cluster4.atac.filter.cutsites.hg38.tagAlign.tsv.gz
syn52297565	CharacterizationMcGinnis_Dataset9_cluster5.atac.filter.cutsites.hg38.tagAlign.tsv.gz
syn52297570	CharacterizationMcGinnis_Dataset9_cluster6.atac.filter.cutsites.hg38.tagAlign.tsv.gz
syn52297576	CharacterizationMcGinnis_Dataset9_cluster7.atac.filter.cutsites.hg38.tagAlign.tsv.gz
syn52297578	CharacterizationMcGinnis_Dataset9_cluster8.atac.filter.cutsites.hg38.tagAlign.tsv.gz
syn52270999	ENCODEGM12878/
syn52271002	ENCODEGM12878_Cluster0.sorted.tagAlign.gz
syn52271005	ENCODEGM12878_Cluster0.sorted.tagAlign.gz.tbi
syn52271000	ENCODEGM12878_ClusterMetadata.tsv
syn52270987	ENCODEK562/
syn52270988	ENCODEK562_ClusterMetadata.tsv
syn52270989	sort_tagAlign_ENCODEK562_lymphoblast/
syn52270990	tagAlign_ENCODEK562_lymphoblast.sorted.tagAlign.gz
syn52270991	tagAlign_ENCODEK562_lymphoblast.sorted.tagAlign.gz.tbi
syn52185809	ENCSR023FME/
syn52187744	ENCSR023FME_ClusterMetadata.tsv
syn52249918	sort_tagAlign_ENCSR023FME_Basal_epithelial_cell/
syn52249919	tagAlign_ENCSR023FME_Basal_epithelial_cell.sorted.tagAlign.gz
syn52249920	tagAlign_ENCSR023FME_Basal_epithelial_cell.sorted.tagAlign.gz.tbi
syn52249921	sort_tagAlign_ENCSR023FME_Endothelial_cell/
syn52249922	tagAlign_ENCSR023FME_Endothelial_cell.sorted.tagAlign.gz
syn52249923	tagAlign_ENCSR023FME_Endothelial_cell.sorted.tagAlign.gz.tbi
syn52249911	sort_tagAlign_ENCSR023FME_Fibroblast/
syn52249917	tagAlign_ENCSR023FME_Fibroblast.sorted.tagAlign.gz
syn52249912	tagAlign_ENCSR023FME_Fibroblast.sorted.tagAlign.gz.tbi
syn52249903	sort_tagAlign_ENCSR023FME_Type_I_skeletal_myocyte/
syn52249910	tagAlign_ENCSR023FME_Type_I_skeletal_myocyte.sorted.tagAlign.gz
syn52249904	tagAlign_ENCSR023FME_Type_I_skeletal_myocyte.sorted.tagAlign.gz.tbi
syn52188865	tagAlign_ENCSR023FME_Basal_epithelial_cell.tsv
syn52188897	tagAlign_ENCSR023FME_Endothelial_cell.tsv
syn52188518	tagAlign_ENCSR023FME_Fibroblast.tsv
syn52188510	tagAlign_ENCSR023FME_Type_I_skeletal_myocyte.tsv
syn52185794	ENCSR052DKH/
syn52186056	ENCSR052DKH_ClusterMetadata.tsv
syn52237060	sort_tagAlign_ENCSR052DKH_Macrophage/
syn52237061	tagAlign_ENCSR052DKH_Macrophage.sorted.tagAlign.gz
syn52237062	tagAlign_ENCSR052DKH_Macrophage.sorted.tagAlign.gz.tbi
syn52237049	sort_tagAlign_ENCSR052DKH_T_lymphocyte/
syn52237050	tagAlign_ENCSR052DKH_T_lymphocyte.sorted.tagAlign.gz
syn52237051	tagAlign_ENCSR052DKH_T_lymphocyte.sorted.tagAlign.gz.tbi
syn52237014	sort_tagAlign_ENCSR052DKH_Tuft_cell/
syn52237042	tagAlign_ENCSR052DKH_Tuft_cell.sorted.tagAlign.gz
syn52237016	tagAlign_ENCSR052DKH_Tuft_cell.sorted.tagAlign.gz.tbi
syn52237052	sort_tagAlign_ENCSR052DKH_Vascular_smooth_muscle_cell/
syn52237058	tagAlign_ENCSR052DKH_Vascular_smooth_muscle_cell.sorted.tagAlign.gz
syn52237059	tagAlign_ENCSR052DKH_Vascular_smooth_muscle_cell.sorted.tagAlign.gz.tbi
syn52186070	tagAlign_ENCSR052DKH_Macrophage.tsv
syn52187558	tagAlign_ENCSR052DKH_T_lymphocyte.tsv
syn52186029	tagAlign_ENCSR052DKH_Tuft_cell.tsv
syn52187733	tagAlign_ENCSR052DKH_Vascular_smooth_muscle_cell.tsv
syn52185804	ENCSR181XXQ/
syn52187486	ENCSR181XXQ_ClusterMetadata.tsv
syn52249765	sort_tagAlign_ENCSR181XXQ_Adipocyte/
syn52249767	tagAlign_ENCSR181XXQ_Adipocyte.sorted.tagAlign.gz
syn52249766	tagAlign_ENCSR181XXQ_Adipocyte.sorted.tagAlign.gz.tbi
syn52249775	sort_tagAlign_ENCSR181XXQ_Endothelial_cell/
syn52249779	tagAlign_ENCSR181XXQ_Endothelial_cell.sorted.tagAlign.gz
syn52249776	tagAlign_ENCSR181XXQ_Endothelial_cell.sorted.tagAlign.gz.tbi
syn52249772	sort_tagAlign_ENCSR181XXQ_Mesothelial_cell/
syn52249774	tagAlign_ENCSR181XXQ_Mesothelial_cell.sorted.tagAlign.gz
syn52249773	tagAlign_ENCSR181XXQ_Mesothelial_cell.sorted.tagAlign.gz.tbi
syn52249768	sort_tagAlign_ENCSR181XXQ_Vascular_smooth_muscle_cell/
syn52249770	tagAlign_ENCSR181XXQ_Vascular_smooth_muscle_cell.sorted.tagAlign.gz
syn52249771	tagAlign_ENCSR181XXQ_Vascular_smooth_muscle_cell.sorted.tagAlign.gz.tbi
syn52187471	tagAlign_ENCSR181XXQ_Adipocyte.tsv
syn52187485	tagAlign_ENCSR181XXQ_Endothelial_cell.tsv
syn52187496	tagAlign_ENCSR181XXQ_Mesothelial_cell.tsv
syn52187479	tagAlign_ENCSR181XXQ_Vascular_smooth_muscle_cell.tsv
syn52185797	ENCSR205TUH/
syn52186259	ENCSR205TUH_ClusterMetadata.tsv
syn52249552	sort_tagAlign_ENCSR205TUH_Schwann_cell/
syn52249553	tagAlign_ENCSR205TUH_Schwann_cell.sorted.tagAlign.gz
syn52249554	tagAlign_ENCSR205TUH_Schwann_cell.sorted.tagAlign.gz.tbi
syn52249555	sort_tagAlign_ENCSR205TUH_Vascular_smooth_muscle_cell/
syn52249557	tagAlign_ENCSR205TUH_Vascular_smooth_muscle_cell.sorted.tagAlign.gz
syn52249558	tagAlign_ENCSR205TUH_Vascular_smooth_muscle_cell.sorted.tagAlign.gz.tbi
syn52186309	tagAlign_ENCSR205TUH_Schwann_cell.tsv
syn52186305	tagAlign_ENCSR205TUH_Vascular_smooth_muscle_cell.tsv
syn52185803	ENCSR261TQO/
syn52187455	ENCSR261TQO_ClusterMetadata.tsv
syn52249744	sort_tagAlign_ENCSR261TQO_Acinar_cell/
syn52249753	tagAlign_ENCSR261TQO_Acinar_cell.sorted.tagAlign.gz
syn52249754	tagAlign_ENCSR261TQO_Acinar_cell.sorted.tagAlign.gz.tbi
syn52249738	sort_tagAlign_ENCSR261TQO_Ductal_cell/
syn52249740	tagAlign_ENCSR261TQO_Ductal_cell.sorted.tagAlign.gz
syn52249739	tagAlign_ENCSR261TQO_Ductal_cell.sorted.tagAlign.gz.tbi
syn52249741	sort_tagAlign_ENCSR261TQO_Endothelial_cell/
syn52249743	tagAlign_ENCSR261TQO_Endothelial_cell.sorted.tagAlign.gz
syn52249742	tagAlign_ENCSR261TQO_Endothelial_cell.sorted.tagAlign.gz.tbi
syn52249762	sort_tagAlign_ENCSR261TQO_Enteroendocrine_cell/
syn52249763	tagAlign_ENCSR261TQO_Enteroendocrine_cell.sorted.tagAlign.gz
syn52249764	tagAlign_ENCSR261TQO_Enteroendocrine_cell.sorted.tagAlign.gz.tbi
syn52249758	sort_tagAlign_ENCSR261TQO_Macrophage/
syn52249761	tagAlign_ENCSR261TQO_Macrophage.sorted.tagAlign.gz
syn52249760	tagAlign_ENCSR261TQO_Macrophage.sorted.tagAlign.gz.tbi
syn52249755	sort_tagAlign_ENCSR261TQO_T_lymphocyte/
syn52249757	tagAlign_ENCSR261TQO_T_lymphocyte.sorted.tagAlign.gz
syn52249756	tagAlign_ENCSR261TQO_T_lymphocyte.sorted.tagAlign.gz.tbi
syn52187454	tagAlign_ENCSR261TQO_Acinar_cell.tsv
syn52187345	tagAlign_ENCSR261TQO_Ductal_cell.tsv
syn52187311	tagAlign_ENCSR261TQO_Endothelial_cell.tsv
syn52187324	tagAlign_ENCSR261TQO_Enteroendocrine_cell.tsv
syn52187358	tagAlign_ENCSR261TQO_Macrophage.tsv
syn52187350	tagAlign_ENCSR261TQO_T_lymphocyte.tsv
syn52185807	ENCSR302CMX/
syn52188606	ENCSR302CMX_ClusterMetadata.tsv
syn52249880	sort_tagAlign_ENCSR302CMX_Endothelial_cell/
syn52249881	tagAlign_ENCSR302CMX_Endothelial_cell.sorted.tagAlign.gz
syn52249884	tagAlign_ENCSR302CMX_Endothelial_cell.sorted.tagAlign.gz.tbi
syn52249875	sort_tagAlign_ENCSR302CMX_Fibroblast/
syn52249879	tagAlign_ENCSR302CMX_Fibroblast.sorted.tagAlign.gz
syn52249876	tagAlign_ENCSR302CMX_Fibroblast.sorted.tagAlign.gz.tbi
syn52249885	sort_tagAlign_ENCSR302CMX_Smooth_muscle_cell/
syn52249887	tagAlign_ENCSR302CMX_Smooth_muscle_cell.sorted.tagAlign.gz
syn52249886	tagAlign_ENCSR302CMX_Smooth_muscle_cell.sorted.tagAlign.gz.tbi
syn52249888	sort_tagAlign_ENCSR302CMX_Vascular_smooth_muscle_cell/
syn52249892	tagAlign_ENCSR302CMX_Vascular_smooth_muscle_cell.sorted.tagAlign.gz
syn52249893	tagAlign_ENCSR302CMX_Vascular_smooth_muscle_cell.sorted.tagAlign.gz.tbi
syn52188616	tagAlign_ENCSR302CMX_Endothelial_cell.tsv
syn52188032	tagAlign_ENCSR302CMX_Fibroblast.tsv
syn52188605	tagAlign_ENCSR302CMX_Smooth_muscle_cell.tsv
syn52188584	tagAlign_ENCSR302CMX_Vascular_smooth_muscle_cell.tsv
syn52185796	ENCSR367GKP/
syn52186112	ENCSR367GKP_ClusterMetadata.tsv
syn52249518	sort_tagAlign_ENCSR367GKP_Fibroblast/
syn52249519	tagAlign_ENCSR367GKP_Fibroblast.sorted.tagAlign.gz
syn52249520	tagAlign_ENCSR367GKP_Fibroblast.sorted.tagAlign.gz.tbi
syn52249549	sort_tagAlign_ENCSR367GKP_Macrophage/
syn52249551	tagAlign_ENCSR367GKP_Macrophage.sorted.tagAlign.gz
syn52249550	tagAlign_ENCSR367GKP_Macrophage.sorted.tagAlign.gz.tbi
syn52249524	sort_tagAlign_ENCSR367GKP_Schwann_cell/
syn52249529	tagAlign_ENCSR367GKP_Schwann_cell.sorted.tagAlign.gz
syn52249530	tagAlign_ENCSR367GKP_Schwann_cell.sorted.tagAlign.gz.tbi
syn52249521	sort_tagAlign_ENCSR367GKP_Smooth_muscle_cell/
syn52249523	tagAlign_ENCSR367GKP_Smooth_muscle_cell.sorted.tagAlign.gz
syn52249522	tagAlign_ENCSR367GKP_Smooth_muscle_cell.sorted.tagAlign.gz.tbi
syn52249531	sort_tagAlign_ENCSR367GKP_Vascular_smooth_muscle_cell/
syn52249547	tagAlign_ENCSR367GKP_Vascular_smooth_muscle_cell.sorted.tagAlign.gz
syn52249548	tagAlign_ENCSR367GKP_Vascular_smooth_muscle_cell.sorted.tagAlign.gz.tbi
syn52186106	tagAlign_ENCSR367GKP_Fibroblast.tsv
syn52186256	tagAlign_ENCSR367GKP_Macrophage.tsv
syn52186111	tagAlign_ENCSR367GKP_Schwann_cell.tsv
syn52186149	tagAlign_ENCSR367GKP_Smooth_muscle_cell.tsv
syn52186241	tagAlign_ENCSR367GKP_Vascular_smooth_muscle_cell.tsv
syn52185795	ENCSR397LYX/
syn52186079	ENCSR397LYX_ClusterMetadata.tsv
syn52248905	sort_tagAlign_ENCSR397LYX_Basal_epithelial_cell/
syn52248907	tagAlign_ENCSR397LYX_Basal_epithelial_cell.sorted.tagAlign.gz
syn52248908	tagAlign_ENCSR397LYX_Basal_epithelial_cell.sorted.tagAlign.gz.tbi
syn52248902	sort_tagAlign_ENCSR397LYX_Endothelial_cell/
syn52248904	tagAlign_ENCSR397LYX_Endothelial_cell.sorted.tagAlign.gz
syn52248903	tagAlign_ENCSR397LYX_Endothelial_cell.sorted.tagAlign.gz.tbi
syn52248910	sort_tagAlign_ENCSR397LYX_Vascular_smooth_muscle_cell/
syn52248911	tagAlign_ENCSR397LYX_Vascular_smooth_muscle_cell.sorted.tagAlign.gz
syn52248912	tagAlign_ENCSR397LYX_Vascular_smooth_muscle_cell.sorted.tagAlign.gz.tbi
syn52186083	tagAlign_ENCSR397LYX_Basal_epithelial_cell.tsv
syn52186078	tagAlign_ENCSR397LYX_Endothelial_cell.tsv
syn52186076	tagAlign_ENCSR397LYX_Vascular_smooth_muscle_cell.tsv
syn52185800	ENCSR411MLR/
syn52186736	ENCSR411MLR_ClusterMetadata.tsv
syn52249629	sort_tagAlign_ENCSR411MLR_Endothelial_cell/
syn52249630	tagAlign_ENCSR411MLR_Endothelial_cell.sorted.tagAlign.gz
syn52249631	tagAlign_ENCSR411MLR_Endothelial_cell.sorted.tagAlign.gz.tbi
syn52249632	sort_tagAlign_ENCSR411MLR_Macrophage/
syn52249634	tagAlign_ENCSR411MLR_Macrophage.sorted.tagAlign.gz
syn52249633	tagAlign_ENCSR411MLR_Macrophage.sorted.tagAlign.gz.tbi
syn52249622	sort_tagAlign_ENCSR411MLR_T_lymphocyte/
syn52249624	tagAlign_ENCSR411MLR_T_lymphocyte.sorted.tagAlign.gz
syn52249625	tagAlign_ENCSR411MLR_T_lymphocyte.sorted.tagAlign.gz.tbi
syn52249626	sort_tagAlign_ENCSR411MLR_Vascular_smooth_muscle_cell.1/
syn52249627	tagAlign_ENCSR411MLR_Vascular_smooth_muscle_cell.1.sorted.tagAlign.gz
syn52249628	tagAlign_ENCSR411MLR_Vascular_smooth_muscle_cell.1.sorted.tagAlign.gz.tbi
syn52249635	sort_tagAlign_ENCSR411MLR_Vascular_smooth_muscle_cell.2/
syn52249669	tagAlign_ENCSR411MLR_Vascular_smooth_muscle_cell.2.sorted.tagAlign.gz
syn52249670	tagAlign_ENCSR411MLR_Vascular_smooth_muscle_cell.2.sorted.tagAlign.gz.tbi
syn52186779	tagAlign_ENCSR411MLR_Endothelial_cell.tsv
syn52186776	tagAlign_ENCSR411MLR_Macrophage.tsv
syn52186777	tagAlign_ENCSR411MLR_T_lymphocyte.tsv
syn52186778	tagAlign_ENCSR411MLR_Vascular_smooth_muscle_cell.1.tsv
syn52187034	tagAlign_ENCSR411MLR_Vascular_smooth_muscle_cell.2.tsv
syn52185805	ENCSR453TVZ/
syn52188366	ENCSR453TVZ_ClusterMetadata.tsv
syn52249829	sort_tagAlign_ENCSR453TVZ_Basal_epithelial_cell.1/
syn52249841	tagAlign_ENCSR453TVZ_Basal_epithelial_cell.1.sorted.tagAlign.gz
syn52249840	tagAlign_ENCSR453TVZ_Basal_epithelial_cell.1.sorted.tagAlign.gz.tbi
syn52249804	sort_tagAlign_ENCSR453TVZ_Basal_epithelial_cell.2/
syn52249828	tagAlign_ENCSR453TVZ_Basal_epithelial_cell.2.sorted.tagAlign.gz
syn52249805	tagAlign_ENCSR453TVZ_Basal_epithelial_cell.2.sorted.tagAlign.gz.tbi
syn52249798	sort_tagAlign_ENCSR453TVZ_Basal_epithelial_cell.3/
syn52249803	tagAlign_ENCSR453TVZ_Basal_epithelial_cell.3.sorted.tagAlign.gz
syn52249799	tagAlign_ENCSR453TVZ_Basal_epithelial_cell.3.sorted.tagAlign.gz.tbi
syn52249780	sort_tagAlign_ENCSR453TVZ_T_lymphocyte/
syn52249795	tagAlign_ENCSR453TVZ_T_lymphocyte.sorted.tagAlign.gz
syn52249797	tagAlign_ENCSR453TVZ_T_lymphocyte.sorted.tagAlign.gz.tbi
syn52187519	tagAlign_ENCSR453TVZ_Basal_epithelial_cell.1.tsv
syn52187556	tagAlign_ENCSR453TVZ_Basal_epithelial_cell.2.tsv
syn52187741	tagAlign_ENCSR453TVZ_Basal_epithelial_cell.3.tsv
syn52188365	tagAlign_ENCSR453TVZ_T_lymphocyte.tsv
syn52185808	ENCSR455CVZ/
syn52187782	ENCSR455CVZ_ClusterMetadata.tsv
syn52249898	sort_tagAlign_ENCSR455CVZ_Endothelial_cell/
syn52249902	tagAlign_ENCSR455CVZ_Endothelial_cell.sorted.tagAlign.gz
syn52249899	tagAlign_ENCSR455CVZ_Endothelial_cell.sorted.tagAlign.gz.tbi
syn52249894	sort_tagAlign_ENCSR455CVZ_Vascular_smooth_muscle_cell/
syn52249897	tagAlign_ENCSR455CVZ_Vascular_smooth_muscle_cell.sorted.tagAlign.gz
syn52249895	tagAlign_ENCSR455CVZ_Vascular_smooth_muscle_cell.sorted.tagAlign.gz.tbi
syn52187781	tagAlign_ENCSR455CVZ_Endothelial_cell.tsv
syn52187909	tagAlign_ENCSR455CVZ_Vascular_smooth_muscle_cell.tsv
syn52185812	ENCSR474TGL/
syn52188948	ENCSR474TGL_ClusterMetadata.tsv
syn52249968	sort_tagAlign_ENCSR474TGL_Basal_epithelial_cell/
syn52249970	tagAlign_ENCSR474TGL_Basal_epithelial_cell.sorted.tagAlign.gz
syn52249969	tagAlign_ENCSR474TGL_Basal_epithelial_cell.sorted.tagAlign.gz.tbi
syn52249961	sort_tagAlign_ENCSR474TGL_Endothelial_cell/
syn52249963	tagAlign_ENCSR474TGL_Endothelial_cell.sorted.tagAlign.gz
syn52249964	tagAlign_ENCSR474TGL_Endothelial_cell.sorted.tagAlign.gz.tbi
syn52249956	sort_tagAlign_ENCSR474TGL_Fibroblast/
syn52249960	tagAlign_ENCSR474TGL_Fibroblast.sorted.tagAlign.gz
syn52249957	tagAlign_ENCSR474TGL_Fibroblast.sorted.tagAlign.gz.tbi
syn52249965	sort_tagAlign_ENCSR474TGL_Macrophage/
syn52249967	tagAlign_ENCSR474TGL_Macrophage.sorted.tagAlign.gz
syn52249966	tagAlign_ENCSR474TGL_Macrophage.sorted.tagAlign.gz.tbi
syn52189149	tagAlign_ENCSR474TGL_Basal_epithelial_cell.tsv
syn52188947	tagAlign_ENCSR474TGL_Endothelial_cell.tsv
syn52189082	tagAlign_ENCSR474TGL_Fibroblast.tsv
syn52189188	tagAlign_ENCSR474TGL_Macrophage.tsv
syn52185799	ENCSR506YMX/
syn52186641	ENCSR506YMX_ClusterMetadata.tsv
syn52249611	sort_tagAlign_ENCSR506YMX_Goblet_cell/
syn52249612	tagAlign_ENCSR506YMX_Goblet_cell.sorted.tagAlign.gz
syn52249613	tagAlign_ENCSR506YMX_Goblet_cell.sorted.tagAlign.gz.tbi
syn52249608	sort_tagAlign_ENCSR506YMX_Luminal_epithelial_cell/
syn52249609	tagAlign_ENCSR506YMX_Luminal_epithelial_cell.sorted.tagAlign.gz
syn52249610	tagAlign_ENCSR506YMX_Luminal_epithelial_cell.sorted.tagAlign.gz.tbi
syn52249604	sort_tagAlign_ENCSR506YMX_T_lymphocyte/
syn52249607	tagAlign_ENCSR506YMX_T_lymphocyte.sorted.tagAlign.gz
syn52249605	tagAlign_ENCSR506YMX_T_lymphocyte.sorted.tagAlign.gz.tbi
syn52249614	sort_tagAlign_ENCSR506YMX_Tuft_cell/
syn52249616	tagAlign_ENCSR506YMX_Tuft_cell.sorted.tagAlign.gz
syn52249617	tagAlign_ENCSR506YMX_Tuft_cell.sorted.tagAlign.gz.tbi
syn52249618	sort_tagAlign_ENCSR506YMX_Vascular_smooth_muscle_cell/
syn52249620	tagAlign_ENCSR506YMX_Vascular_smooth_muscle_cell.sorted.tagAlign.gz
syn52249621	tagAlign_ENCSR506YMX_Vascular_smooth_muscle_cell.sorted.tagAlign.gz.tbi
syn52186729	tagAlign_ENCSR506YMX_Goblet_cell.tsv
syn52186640	tagAlign_ENCSR506YMX_Luminal_epithelial_cell.tsv
syn52186735	tagAlign_ENCSR506YMX_T_lymphocyte.tsv
syn52186726	tagAlign_ENCSR506YMX_Tuft_cell.tsv
syn52186715	tagAlign_ENCSR506YMX_Vascular_smooth_muscle_cell.tsv
syn52185814	ENCSR538FPK/
syn52189939	ENCSR538FPK_ClusterMetadata.tsv
syn52249988	sort_tagAlign_ENCSR538FPK_Cardiomyocyte/
syn52249999	tagAlign_ENCSR538FPK_Cardiomyocyte.sorted.tagAlign.gz
syn52249989	tagAlign_ENCSR538FPK_Cardiomyocyte.sorted.tagAlign.gz.tbi
syn52250004	sort_tagAlign_ENCSR538FPK_Endothelial_cell/
syn52250005	tagAlign_ENCSR538FPK_Endothelial_cell.sorted.tagAlign.gz
syn52250006	tagAlign_ENCSR538FPK_Endothelial_cell.sorted.tagAlign.gz.tbi
syn52249984	sort_tagAlign_ENCSR538FPK_Fibroblast/
syn52249986	tagAlign_ENCSR538FPK_Fibroblast.sorted.tagAlign.gz
syn52249987	tagAlign_ENCSR538FPK_Fibroblast.sorted.tagAlign.gz.tbi
syn52250000	sort_tagAlign_ENCSR538FPK_Macrophage/
syn52250003	tagAlign_ENCSR538FPK_Macrophage.sorted.tagAlign.gz
syn52250001	tagAlign_ENCSR538FPK_Macrophage.sorted.tagAlign.gz.tbi
syn52250007	sort_tagAlign_ENCSR538FPK_Smooth_muscle_cell/
syn52250009	tagAlign_ENCSR538FPK_Smooth_muscle_cell.sorted.tagAlign.gz
syn52250008	tagAlign_ENCSR538FPK_Smooth_muscle_cell.sorted.tagAlign.gz.tbi
syn52250010	sort_tagAlign_ENCSR538FPK_T_lymphocyte/
syn52250012	tagAlign_ENCSR538FPK_T_lymphocyte.sorted.tagAlign.gz
syn52250011	tagAlign_ENCSR538FPK_T_lymphocyte.sorted.tagAlign.gz.tbi
syn52191664	tagAlign_ENCSR538FPK_Cardiomyocyte.tsv
syn52190978	tagAlign_ENCSR538FPK_Endothelial_cell.tsv
syn52190193	tagAlign_ENCSR538FPK_Fibroblast.tsv
syn52191303	tagAlign_ENCSR538FPK_Macrophage.tsv
syn52191248	tagAlign_ENCSR538FPK_Smooth_muscle_cell.tsv
syn52190992	tagAlign_ENCSR538FPK_T_lymphocyte.tsv
syn52281276	ENCSR618WVK/
syn52297898	ENCSR618WVK_ClusterMetadata.tsv
syn52297902	sort_ENCSR618WVK_Cluster0/
syn52297903	ENCSR618WVK_Cluster0.sorted.tagAlign.gz
syn52297904	ENCSR618WVK_Cluster0.sorted.tagAlign.gz.tbi
syn52297899	sort_ENCSR618WVK_Cluster1/
syn52297900	ENCSR618WVK_Cluster1.sorted.tagAlign.gz
syn52297901	ENCSR618WVK_Cluster1.sorted.tagAlign.gz.tbi
syn52297908	sort_ENCSR618WVK_Cluster2/
syn52297912	ENCSR618WVK_Cluster2.sorted.tagAlign.gz
syn52297913	ENCSR618WVK_Cluster2.sorted.tagAlign.gz.tbi
syn52297914	sort_ENCSR618WVK_Cluster3/
syn52297945	ENCSR618WVK_Cluster3.sorted.tagAlign.gz
syn52297946	ENCSR618WVK_Cluster3.sorted.tagAlign.gz.tbi
syn52297947	sort_ENCSR618WVK_Cluster4/
syn52297948	ENCSR618WVK_Cluster4.sorted.tagAlign.gz
syn52297951	ENCSR618WVK_Cluster4.sorted.tagAlign.gz.tbi
syn52297905	sort_ENCSR618WVK_Cluster5/
syn52297907	ENCSR618WVK_Cluster5.sorted.tagAlign.gz
syn52297906	ENCSR618WVK_Cluster5.sorted.tagAlign.gz.tbi
syn52185802	ENCSR660NEE/
syn52187305	ENCSR660NEE_ClusterMetadata.tsv
syn52249725	sort_tagAlign_ENCSR660NEE_Endothelial_cell/
syn52249734	tagAlign_ENCSR660NEE_Endothelial_cell.sorted.tagAlign.gz
syn52249726	tagAlign_ENCSR660NEE_Endothelial_cell.sorted.tagAlign.gz.tbi
syn52249694	sort_tagAlign_ENCSR660NEE_Fibroblast/
syn52249698	tagAlign_ENCSR660NEE_Fibroblast.sorted.tagAlign.gz
syn52249695	tagAlign_ENCSR660NEE_Fibroblast.sorted.tagAlign.gz.tbi
syn52249735	sort_tagAlign_ENCSR660NEE_Macrophage/
syn52249737	tagAlign_ENCSR660NEE_Macrophage.sorted.tagAlign.gz
syn52249736	tagAlign_ENCSR660NEE_Macrophage.sorted.tagAlign.gz.tbi
syn52249690	sort_tagAlign_ENCSR660NEE_Mast_cell/
syn52249692	tagAlign_ENCSR660NEE_Mast_cell.sorted.tagAlign.gz
syn52249693	tagAlign_ENCSR660NEE_Mast_cell.sorted.tagAlign.gz.tbi
syn52249711	sort_tagAlign_ENCSR660NEE_Schwann_cell/
syn52249716	tagAlign_ENCSR660NEE_Schwann_cell.sorted.tagAlign.gz
syn52249712	tagAlign_ENCSR660NEE_Schwann_cell.sorted.tagAlign.gz.tbi
syn52249720	sort_tagAlign_ENCSR660NEE_Smooth_muscle_cell/
syn52249722	tagAlign_ENCSR660NEE_Smooth_muscle_cell.sorted.tagAlign.gz
syn52249724	tagAlign_ENCSR660NEE_Smooth_muscle_cell.sorted.tagAlign.gz.tbi
syn52249717	sort_tagAlign_ENCSR660NEE_T_lymphocyte/
syn52249718	tagAlign_ENCSR660NEE_T_lymphocyte.sorted.tagAlign.gz
syn52249719	tagAlign_ENCSR660NEE_T_lymphocyte.sorted.tagAlign.gz.tbi
syn52249699	sort_tagAlign_ENCSR660NEE_Vascular_smooth_muscle_cell/
syn52249710	tagAlign_ENCSR660NEE_Vascular_smooth_muscle_cell.sorted.tagAlign.gz
syn52249700	tagAlign_ENCSR660NEE_Vascular_smooth_muscle_cell.sorted.tagAlign.gz.tbi
syn52187255	tagAlign_ENCSR660NEE_Endothelial_cell.tsv
syn52187139	tagAlign_ENCSR660NEE_Fibroblast.tsv
syn52187285	tagAlign_ENCSR660NEE_Macrophage.tsv
syn52187215	tagAlign_ENCSR660NEE_Mast_cell.tsv
syn52187237	tagAlign_ENCSR660NEE_Schwann_cell.tsv
syn52187304	tagAlign_ENCSR660NEE_Smooth_muscle_cell.tsv
syn52187291	tagAlign_ENCSR660NEE_T_lymphocyte.tsv
syn52187209	tagAlign_ENCSR660NEE_Vascular_smooth_muscle_cell.tsv
syn52185815	ENCSR718WGE/
syn52191529	ENCSR718WGE_ClusterMetadata.tsv
syn52250018	sort_tagAlign_ENCSR718WGE_Endothelial_cell/
syn52250023	tagAlign_ENCSR718WGE_Endothelial_cell.sorted.tagAlign.gz
syn52250019	tagAlign_ENCSR718WGE_Endothelial_cell.sorted.tagAlign.gz.tbi
syn52250024	sort_tagAlign_ENCSR718WGE_Macrophage/
syn52250026	tagAlign_ENCSR718WGE_Macrophage.sorted.tagAlign.gz
syn52250025	tagAlign_ENCSR718WGE_Macrophage.sorted.tagAlign.gz.tbi
syn52250013	sort_tagAlign_ENCSR718WGE_T_lymphocyte/
syn52250016	tagAlign_ENCSR718WGE_T_lymphocyte.sorted.tagAlign.gz
syn52250017	tagAlign_ENCSR718WGE_T_lymphocyte.sorted.tagAlign.gz.tbi
syn52250027	sort_tagAlign_ENCSR718WGE_Type_II_pneumocyte/
syn52250034	tagAlign_ENCSR718WGE_Type_II_pneumocyte.sorted.tagAlign.gz
syn52250028	tagAlign_ENCSR718WGE_Type_II_pneumocyte.sorted.tagAlign.gz.tbi
syn52191513	tagAlign_ENCSR718WGE_Endothelial_cell.tsv
syn52191306	tagAlign_ENCSR718WGE_Macrophage.tsv
syn52191528	tagAlign_ENCSR718WGE_T_lymphocyte.tsv
syn52191067	tagAlign_ENCSR718WGE_Type_II_pneumocyte.tsv
syn52185816	ENCSR776EOI/
syn52191283	ENCSR776EOI_ClusterMetadata.tsv
syn52250038	sort_tagAlign_ENCSR776EOI_Cardiomyocyte/
syn52250040	tagAlign_ENCSR776EOI_Cardiomyocyte.sorted.tagAlign.gz
syn52250039	tagAlign_ENCSR776EOI_Cardiomyocyte.sorted.tagAlign.gz.tbi
syn52250041	sort_tagAlign_ENCSR776EOI_Fibroblast/
syn52250046	tagAlign_ENCSR776EOI_Fibroblast.sorted.tagAlign.gz
syn52250047	tagAlign_ENCSR776EOI_Fibroblast.sorted.tagAlign.gz.tbi
syn52250048	sort_tagAlign_ENCSR776EOI_Macrophage/
syn52250051	tagAlign_ENCSR776EOI_Macrophage.sorted.tagAlign.gz
syn52250049	tagAlign_ENCSR776EOI_Macrophage.sorted.tagAlign.gz.tbi
syn52250035	sort_tagAlign_ENCSR776EOI_Mesothelial_cell/
syn52250037	tagAlign_ENCSR776EOI_Mesothelial_cell.sorted.tagAlign.gz
syn52250036	tagAlign_ENCSR776EOI_Mesothelial_cell.sorted.tagAlign.gz.tbi
syn52190998	tagAlign_ENCSR776EOI_Cardiomyocyte.tsv
syn52190881	tagAlign_ENCSR776EOI_Fibroblast.tsv
syn52190973	tagAlign_ENCSR776EOI_Macrophage.tsv
syn52191280	tagAlign_ENCSR776EOI_Mesothelial_cell.tsv
syn52185813	ENCSR796RXX/
syn52189189	ENCSR796RXX_ClusterMetadata.tsv
syn52249981	sort_tagAlign_ENCSR796RXX_Endothelial_cell/
syn52249983	tagAlign_ENCSR796RXX_Endothelial_cell.sorted.tagAlign.gz
syn52249982	tagAlign_ENCSR796RXX_Endothelial_cell.sorted.tagAlign.gz.tbi
syn52249971	sort_tagAlign_ENCSR796RXX_Fibroblast/
syn52249974	tagAlign_ENCSR796RXX_Fibroblast.sorted.tagAlign.gz
syn52249973	tagAlign_ENCSR796RXX_Fibroblast.sorted.tagAlign.gz.tbi
syn52249975	sort_tagAlign_ENCSR796RXX_Follicular_cell/
syn52249980	tagAlign_ENCSR796RXX_Follicular_cell.sorted.tagAlign.gz
syn52249976	tagAlign_ENCSR796RXX_Follicular_cell.sorted.tagAlign.gz.tbi
syn52189938	tagAlign_ENCSR796RXX_Endothelial_cell.tsv
syn52189927	tagAlign_ENCSR796RXX_Fibroblast.tsv
syn52189910	tagAlign_ENCSR796RXX_Follicular_cell.tsv
syn52185806	ENCSR822GXQ/
syn52187740	ENCSR822GXQ_ClusterMetadata.tsv
syn52249842	sort_tagAlign_ENCSR822GXQ_Basal_epithelial_cell/
syn52249845	tagAlign_ENCSR822GXQ_Basal_epithelial_cell.sorted.tagAlign.gz
syn52249843	tagAlign_ENCSR822GXQ_Basal_epithelial_cell.sorted.tagAlign.gz.tbi
syn52249853	sort_tagAlign_ENCSR822GXQ_Endothelial_cell/
syn52249855	tagAlign_ENCSR822GXQ_Endothelial_cell.sorted.tagAlign.gz
syn52249854	tagAlign_ENCSR822GXQ_Endothelial_cell.sorted.tagAlign.gz.tbi
syn52249866	sort_tagAlign_ENCSR822GXQ_Fibroblast/
syn52249871	tagAlign_ENCSR822GXQ_Fibroblast.sorted.tagAlign.gz
syn52249867	tagAlign_ENCSR822GXQ_Fibroblast.sorted.tagAlign.gz.tbi
syn52249846	sort_tagAlign_ENCSR822GXQ_Macrophage/
syn52249851	tagAlign_ENCSR822GXQ_Macrophage.sorted.tagAlign.gz
syn52249852	tagAlign_ENCSR822GXQ_Macrophage.sorted.tagAlign.gz.tbi
syn52249872	sort_tagAlign_ENCSR822GXQ_T_lymphocyte/
syn52249873	tagAlign_ENCSR822GXQ_T_lymphocyte.sorted.tagAlign.gz
syn52249874	tagAlign_ENCSR822GXQ_T_lymphocyte.sorted.tagAlign.gz.tbi
syn52249858	sort_tagAlign_ENCSR822GXQ_Vascular_smooth_muscle_cell/
syn52249865	tagAlign_ENCSR822GXQ_Vascular_smooth_muscle_cell.sorted.tagAlign.gz
syn52249859	tagAlign_ENCSR822GXQ_Vascular_smooth_muscle_cell.sorted.tagAlign.gz.tbi
syn52190749	tagAlign_ENCSR822GXQ_Basal_epithelial_cell.tsv
syn52187739	tagAlign_ENCSR822GXQ_Endothelial_cell.tsv
syn52190974	tagAlign_ENCSR822GXQ_Fibroblast.tsv
syn52187832	tagAlign_ENCSR822GXQ_Macrophage.tsv
syn52187742	tagAlign_ENCSR822GXQ_T_lymphocyte.tsv
syn52190735	tagAlign_ENCSR822GXQ_Vascular_smooth_muscle_cell.tsv
syn52185811	ENCSR845QFX/
syn52188690	ENCSR845QFX_ClusterMetadata.tsv
syn52249947	sort_tagAlign_ENCSR845QFX_Endothelial_cell/
syn52249949	tagAlign_ENCSR845QFX_Endothelial_cell.sorted.tagAlign.gz
syn52249948	tagAlign_ENCSR845QFX_Endothelial_cell.sorted.tagAlign.gz.tbi
syn52249941	sort_tagAlign_ENCSR845QFX_Fibroblast/
syn52249943	tagAlign_ENCSR845QFX_Fibroblast.sorted.tagAlign.gz
syn52249942	tagAlign_ENCSR845QFX_Fibroblast.sorted.tagAlign.gz.tbi
syn52249950	sort_tagAlign_ENCSR845QFX_Luminal_epithelial_cell.1/
syn52249953	tagAlign_ENCSR845QFX_Luminal_epithelial_cell.1.sorted.tagAlign.gz
syn52249954	tagAlign_ENCSR845QFX_Luminal_epithelial_cell.1.sorted.tagAlign.gz.tbi
syn52249938	sort_tagAlign_ENCSR845QFX_Luminal_epithelial_cell.2/
syn52249939	tagAlign_ENCSR845QFX_Luminal_epithelial_cell.2.sorted.tagAlign.gz
syn52249940	tagAlign_ENCSR845QFX_Luminal_epithelial_cell.2.sorted.tagAlign.gz.tbi
syn52249944	sort_tagAlign_ENCSR845QFX_Luminal_epithelial_cell.3/
syn52249946	tagAlign_ENCSR845QFX_Luminal_epithelial_cell.3.sorted.tagAlign.gz
syn52249945	tagAlign_ENCSR845QFX_Luminal_epithelial_cell.3.sorted.tagAlign.gz.tbi
syn52249924	sort_tagAlign_ENCSR845QFX_Vascular_smooth_muscle_cell/
syn52249936	tagAlign_ENCSR845QFX_Vascular_smooth_muscle_cell.sorted.tagAlign.gz
syn52249937	tagAlign_ENCSR845QFX_Vascular_smooth_muscle_cell.sorted.tagAlign.gz.tbi
syn52188629	tagAlign_ENCSR845QFX_Endothelial_cell.tsv
syn52188713	tagAlign_ENCSR845QFX_Fibroblast.tsv
syn52188689	tagAlign_ENCSR845QFX_Luminal_epithelial_cell.1.tsv
syn52188706	tagAlign_ENCSR845QFX_Luminal_epithelial_cell.2.tsv
syn52188709	tagAlign_ENCSR845QFX_Luminal_epithelial_cell.3.tsv
syn52189132	tagAlign_ENCSR845QFX_Vascular_smooth_muscle_cell.tsv
syn52185801	ENCSR848EID/
syn52187040	ENCSR848EID_ClusterMetadata.tsv
syn52249674	sort_tagAlign_ENCSR848EID_Fibroblast/
syn52249677	tagAlign_ENCSR848EID_Fibroblast.sorted.tagAlign.gz
syn52249678	tagAlign_ENCSR848EID_Fibroblast.sorted.tagAlign.gz.tbi
syn52249679	sort_tagAlign_ENCSR848EID_Gastric_chief_cell/
syn52249680	tagAlign_ENCSR848EID_Gastric_chief_cell.sorted.tagAlign.gz
syn52249682	tagAlign_ENCSR848EID_Gastric_chief_cell.sorted.tagAlign.gz.tbi
syn52249671	sort_tagAlign_ENCSR848EID_Luminal_epithelial_cell/
syn52249672	tagAlign_ENCSR848EID_Luminal_epithelial_cell.sorted.tagAlign.gz
syn52249673	tagAlign_ENCSR848EID_Luminal_epithelial_cell.sorted.tagAlign.gz.tbi
syn52249683	sort_tagAlign_ENCSR848EID_Macrophage/
syn52249685	tagAlign_ENCSR848EID_Macrophage.sorted.tagAlign.gz
syn52249686	tagAlign_ENCSR848EID_Macrophage.sorted.tagAlign.gz.tbi
syn52249687	sort_tagAlign_ENCSR848EID_T_lymphocyte/
syn52249689	tagAlign_ENCSR848EID_T_lymphocyte.sorted.tagAlign.gz
syn52249688	tagAlign_ENCSR848EID_T_lymphocyte.sorted.tagAlign.gz.tbi
syn52187050	tagAlign_ENCSR848EID_Fibroblast.tsv
syn52187039	tagAlign_ENCSR848EID_Gastric_chief_cell.tsv
syn52187042	tagAlign_ENCSR848EID_Luminal_epithelial_cell.tsv
syn52187041	tagAlign_ENCSR848EID_Macrophage.tsv
syn52187047	tagAlign_ENCSR848EID_T_lymphocyte.tsv
syn52185798	ENCSR868ZEI/
syn52186565	ENCSR868ZEI_ClusterMetadata.tsv
syn52249566	sort_tagAlign_ENCSR868ZEI_Endothelial_cell/
syn52249567	tagAlign_ENCSR868ZEI_Endothelial_cell.sorted.tagAlign.gz
syn52249568	tagAlign_ENCSR868ZEI_Endothelial_cell.sorted.tagAlign.gz.tbi
syn52249581	sort_tagAlign_ENCSR868ZEI_Fibroblast/
syn52249592	tagAlign_ENCSR868ZEI_Fibroblast.sorted.tagAlign.gz
syn52249593	tagAlign_ENCSR868ZEI_Fibroblast.sorted.tagAlign.gz.tbi
syn52249594	sort_tagAlign_ENCSR868ZEI_Macrophage/
syn52249597	tagAlign_ENCSR868ZEI_Macrophage.sorted.tagAlign.gz
syn52249595	tagAlign_ENCSR868ZEI_Macrophage.sorted.tagAlign.gz.tbi
syn52249563	sort_tagAlign_ENCSR868ZEI_Mast_cell/
syn52249565	tagAlign_ENCSR868ZEI_Mast_cell.sorted.tagAlign.gz
syn52249564	tagAlign_ENCSR868ZEI_Mast_cell.sorted.tagAlign.gz.tbi
syn52249569	sort_tagAlign_ENCSR868ZEI_Myofibroblast/
syn52249570	tagAlign_ENCSR868ZEI_Myofibroblast.sorted.tagAlign.gz
syn52249571	tagAlign_ENCSR868ZEI_Myofibroblast.sorted.tagAlign.gz.tbi
syn52249572	sort_tagAlign_ENCSR868ZEI_Schwann_cell/
syn52249575	tagAlign_ENCSR868ZEI_Schwann_cell.sorted.tagAlign.gz
syn52249577	tagAlign_ENCSR868ZEI_Schwann_cell.sorted.tagAlign.gz.tbi
syn52249559	sort_tagAlign_ENCSR868ZEI_Smooth_muscle_cell/
syn52249561	tagAlign_ENCSR868ZEI_Smooth_muscle_cell.sorted.tagAlign.gz
syn52249562	tagAlign_ENCSR868ZEI_Smooth_muscle_cell.sorted.tagAlign.gz.tbi
syn52249578	sort_tagAlign_ENCSR868ZEI_T_lymphocyte/
syn52249579	tagAlign_ENCSR868ZEI_T_lymphocyte.sorted.tagAlign.gz
syn52249580	tagAlign_ENCSR868ZEI_T_lymphocyte.sorted.tagAlign.gz.tbi
syn52249598	sort_tagAlign_ENCSR868ZEI_Vascular_smooth_muscle_cell/
syn52249603	tagAlign_ENCSR868ZEI_Vascular_smooth_muscle_cell.sorted.tagAlign.gz
syn52249599	tagAlign_ENCSR868ZEI_Vascular_smooth_muscle_cell.sorted.tagAlign.gz.tbi
syn52186420	tagAlign_ENCSR868ZEI_Endothelial_cell.tsv
syn52186564	tagAlign_ENCSR868ZEI_Fibroblast.tsv
syn52186349	tagAlign_ENCSR868ZEI_Macrophage.tsv
syn52186312	tagAlign_ENCSR868ZEI_Mast_cell.tsv
syn52186422	tagAlign_ENCSR868ZEI_Myofibroblast.tsv
syn52186421	tagAlign_ENCSR868ZEI_Schwann_cell.tsv
syn52186568	tagAlign_ENCSR868ZEI_Smooth_muscle_cell.tsv
syn52186316	tagAlign_ENCSR868ZEI_T_lymphocyte.tsv
syn52186397	tagAlign_ENCSR868ZEI_Vascular_smooth_muscle_cell.tsv
syn52263976	GM12878_10xMultiome/
syn52320752	GM12878_10XMultiome_Cluster1.atac.filter.cutsites.hg38.tagAlign.gz
syn52320753	GM12878_10XMultiome_Cluster1.atac.filter.cutsites.hg38.tagAlign.gz.tbi
syn52263982	GM12878_10XMultiome_ClusterMetadata.tsv
syn52263983	tagAlign_GM12878_10XMultiome_GM12878_10XMultiome.tsv
syn52263988	GerminalCenter10xATAC_GSM5051499/
syn52263992	GerminalCenter10xATAC_GSM5051499_ClusterMetadata.tsv
syn52263996	tagAlign_GerminalCenter10xATAC_GSM5051499_Activated	B.tsv
syn52263991	tagAlign_GerminalCenter10xATAC_GSM5051499_CTL.tsv
syn52263994	tagAlign_GerminalCenter10xATAC_GSM5051499_DZ	GC.tsv
syn52264000	tagAlign_GerminalCenter10xATAC_GSM5051499_Dendritic.tsv
syn52263999	tagAlign_GerminalCenter10xATAC_GSM5051499_LZ	GC.tsv
syn52264007	tagAlign_GerminalCenter10xATAC_GSM5051499_MBC	FCRL4+.tsv
syn52263990	tagAlign_GerminalCenter10xATAC_GSM5051499_MBC.tsv
syn52264004	tagAlign_GerminalCenter10xATAC_GSM5051499_Myeloid.tsv
syn52263993	tagAlign_GerminalCenter10xATAC_GSM5051499_Naive	B.tsv
syn52263997	tagAlign_GerminalCenter10xATAC_GSM5051499_Naive	T.tsv
syn52264002	tagAlign_GerminalCenter10xATAC_GSM5051499_Plasmablasts.tsv
syn52264005	tagAlign_GerminalCenter10xATAC_GSM5051499_Tcm	CD4.tsv
syn52263989	tagAlign_GerminalCenter10xATAC_GSM5051499_Tcm	CD8.tsv
syn52264008	tagAlign_GerminalCenter10xATAC_GSM5051499_Tfh.tsv
syn52263998	tagAlign_GerminalCenter10xATAC_GSM5051499_Treg.tsv
syn52264003	GerminalCenter10xATAC_GSM5051500/
syn52264028	GerminalCenter10xATAC_GSM5051500_ClusterMetadata.tsv
syn52264022	tagAlign_GerminalCenter10xATAC_GSM5051500_Activated	B.tsv
syn52264033	tagAlign_GerminalCenter10xATAC_GSM5051500_CTL.tsv
syn52264027	tagAlign_GerminalCenter10xATAC_GSM5051500_DZ	GC.tsv
syn52264020	tagAlign_GerminalCenter10xATAC_GSM5051500_Dendritic.tsv
syn52264031	tagAlign_GerminalCenter10xATAC_GSM5051500_LZ	GC.tsv
syn52264047	tagAlign_GerminalCenter10xATAC_GSM5051500_MBC	FCRL4+.tsv
syn52264042	tagAlign_GerminalCenter10xATAC_GSM5051500_MBC.tsv
syn52264036	tagAlign_GerminalCenter10xATAC_GSM5051500_Myeloid.tsv
syn52264056	tagAlign_GerminalCenter10xATAC_GSM5051500_Naive	B.tsv
syn52264029	tagAlign_GerminalCenter10xATAC_GSM5051500_Naive	T.tsv
syn52264046	tagAlign_GerminalCenter10xATAC_GSM5051500_Plasmablasts.tsv
syn52264030	tagAlign_GerminalCenter10xATAC_GSM5051500_Tcm	CD4.tsv
syn52264032	tagAlign_GerminalCenter10xATAC_GSM5051500_Tcm	CD8.tsv
syn52264038	tagAlign_GerminalCenter10xATAC_GSM5051500_Tfh.tsv
syn52264018	tagAlign_GerminalCenter10xATAC_GSM5051500_Treg.tsv
syn52264006	GerminalCenter10xATAC_GSM5051501/
syn52264079	tagAlign_GerminalCenter10xATAC_GSM5051501_Activated	B.tsv
syn52264071	tagAlign_GerminalCenter10xATAC_GSM5051501_CTL.tsv
syn52264073	tagAlign_GerminalCenter10xATAC_GSM5051501_DZ	GC.tsv
syn52264072	tagAlign_GerminalCenter10xATAC_GSM5051501_Dendritic.tsv
syn52264078	tagAlign_GerminalCenter10xATAC_GSM5051501_LZ	GC.tsv
syn52264077	tagAlign_GerminalCenter10xATAC_GSM5051501_MBC	FCRL4+.tsv
syn52264063	tagAlign_GerminalCenter10xATAC_GSM5051501_MBC.tsv
syn52264074	tagAlign_GerminalCenter10xATAC_GSM5051501_Myeloid.tsv
syn52264076	tagAlign_GerminalCenter10xATAC_GSM5051501_Naive	B.tsv
syn52264062	tagAlign_GerminalCenter10xATAC_GSM5051501_Naive	T.tsv
syn52264061	tagAlign_GerminalCenter10xATAC_GSM5051501_Plasmablasts.tsv
syn52264081	tagAlign_GerminalCenter10xATAC_GSM5051501_Tcm	CD4.tsv
syn52264075	tagAlign_GerminalCenter10xATAC_GSM5051501_Tcm	CD8.tsv
syn52264080	tagAlign_GerminalCenter10xATAC_GSM5051501_Tfh.tsv
syn52264060	tagAlign_GerminalCenter10xATAC_GSM5051501_Treg.tsv
syn52264013	GerminalCenter10xATAC_GSM5051506/
syn52264100	GerminalCenter10xATAC_GSM5051506_ClusterMetadata.tsv
syn52264087	tagAlign_GerminalCenter10xATAC_GSM5051506_Activated	B.tsv
syn52264086	tagAlign_GerminalCenter10xATAC_GSM5051506_CTL.tsv
syn52264111	tagAlign_GerminalCenter10xATAC_GSM5051506_DZ	GC.tsv
syn52264094	tagAlign_GerminalCenter10xATAC_GSM5051506_Dendritic.tsv
syn52264093	tagAlign_GerminalCenter10xATAC_GSM5051506_LZ	GC.tsv
syn52264102	tagAlign_GerminalCenter10xATAC_GSM5051506_MBC	FCRL4+.tsv
syn52264085	tagAlign_GerminalCenter10xATAC_GSM5051506_MBC.tsv
syn52264101	tagAlign_GerminalCenter10xATAC_GSM5051506_Myeloid.tsv
syn52264104	tagAlign_GerminalCenter10xATAC_GSM5051506_Naive	B.tsv
syn52264095	tagAlign_GerminalCenter10xATAC_GSM5051506_Naive	T.tsv
syn52264082	tagAlign_GerminalCenter10xATAC_GSM5051506_Plasmablasts.tsv
syn52264105	tagAlign_GerminalCenter10xATAC_GSM5051506_Tcm	CD4.tsv
syn52264106	tagAlign_GerminalCenter10xATAC_GSM5051506_Tcm	CD8.tsv
syn52264099	tagAlign_GerminalCenter10xATAC_GSM5051506_Tfh.tsv
syn52264103	tagAlign_GerminalCenter10xATAC_GSM5051506_Treg.tsv
syn52295731	GerminalCenter10xATAC_combined/
syn52320669	GerminalCenter10xATAC_combined_Cluster1.atac.filter.cutsites.hg38.tagAlign.gz
syn52320670	GerminalCenter10xATAC_combined_Cluster1.atac.filter.cutsites.hg38.tagAlign.gz.tbi
syn52320688	GerminalCenter10xATAC_combined_Cluster10.atac.filter.cutsites.hg38.tagAlign.gz
syn52320689	GerminalCenter10xATAC_combined_Cluster10.atac.filter.cutsites.hg38.tagAlign.gz.tbi
syn52320690	GerminalCenter10xATAC_combined_Cluster11.atac.filter.cutsites.hg38.tagAlign.gz
syn52320691	GerminalCenter10xATAC_combined_Cluster11.atac.filter.cutsites.hg38.tagAlign.gz.tbi
syn52320693	GerminalCenter10xATAC_combined_Cluster12.atac.filter.cutsites.hg38.tagAlign.gz
syn52320694	GerminalCenter10xATAC_combined_Cluster12.atac.filter.cutsites.hg38.tagAlign.gz.tbi
syn52320695	GerminalCenter10xATAC_combined_Cluster13.atac.filter.cutsites.hg38.tagAlign.gz
syn52320696	GerminalCenter10xATAC_combined_Cluster13.atac.filter.cutsites.hg38.tagAlign.gz.tbi
syn52320697	GerminalCenter10xATAC_combined_Cluster14.atac.filter.cutsites.hg38.tagAlign.gz
syn52320698	GerminalCenter10xATAC_combined_Cluster14.atac.filter.cutsites.hg38.tagAlign.gz.tbi
syn52320671	GerminalCenter10xATAC_combined_Cluster2.atac.filter.cutsites.hg38.tagAlign.gz
syn52320672	GerminalCenter10xATAC_combined_Cluster2.atac.filter.cutsites.hg38.tagAlign.gz.tbi
syn52320673	GerminalCenter10xATAC_combined_Cluster4.atac.filter.cutsites.hg38.tagAlign.gz
syn52320674	GerminalCenter10xATAC_combined_Cluster4.atac.filter.cutsites.hg38.tagAlign.gz.tbi
syn52320675	GerminalCenter10xATAC_combined_Cluster5.atac.filter.cutsites.hg38.tagAlign.gz
syn52320676	GerminalCenter10xATAC_combined_Cluster5.atac.filter.cutsites.hg38.tagAlign.gz.tbi
syn52320677	GerminalCenter10xATAC_combined_Cluster6.atac.filter.cutsites.hg38.tagAlign.gz
syn52320678	GerminalCenter10xATAC_combined_Cluster6.atac.filter.cutsites.hg38.tagAlign.gz.tbi
syn52320679	GerminalCenter10xATAC_combined_Cluster7.atac.filter.cutsites.hg38.tagAlign.gz
syn52320681	GerminalCenter10xATAC_combined_Cluster7.atac.filter.cutsites.hg38.tagAlign.gz.tbi
syn52320682	GerminalCenter10xATAC_combined_Cluster8.atac.filter.cutsites.hg38.tagAlign.gz
syn52320683	GerminalCenter10xATAC_combined_Cluster8.atac.filter.cutsites.hg38.tagAlign.gz.tbi
syn52320686	GerminalCenter10xATAC_combined_Cluster9.atac.filter.cutsites.hg38.tagAlign.gz
syn52320687	GerminalCenter10xATAC_combined_Cluster9.atac.filter.cutsites.hg38.tagAlign.gz.tbi
syn52295825	GerminalCenter10xATAC_combined_ClusterMetadata.tsv
syn52295823	tagAlign_GerminalCenter10xATAC_Activated_B.tsv
syn52295840	tagAlign_GerminalCenter10xATAC_CTL.tsv
syn52295808	tagAlign_GerminalCenter10xATAC_DZ_GC.tsv
syn52295824	tagAlign_GerminalCenter10xATAC_Dendritic.tsv
syn52295851	tagAlign_GerminalCenter10xATAC_LZ_GC.tsv
syn52295833	tagAlign_GerminalCenter10xATAC_MBC.tsv
syn52295837	tagAlign_GerminalCenter10xATAC_Myeloid.tsv
syn52295860	tagAlign_GerminalCenter10xATAC_Naive_B.tsv
syn52295855	tagAlign_GerminalCenter10xATAC_Naive_T.tsv
syn52295829	tagAlign_GerminalCenter10xATAC_Plasmablasts.tsv
syn52295835	tagAlign_GerminalCenter10xATAC_Tcm_CD4.tsv
syn52295769	tagAlign_GerminalCenter10xATAC_Tcm_CD8.tsv
syn52295867	tagAlign_GerminalCenter10xATAC_Tfh.tsv
syn52295844	tagAlign_GerminalCenter10xATAC_Treg.tsv
syn52280339	Ma2020_BMMC_SingleDonor/
syn52280400	Ma2020_BMMC_SingleDonor.combinedFiltered.hg38.rna.h5
syn52280343	Ma2020_BMMC_SingleDonor_ATAC_ClusterMetadata.tsv
syn52280342	Ma2020_BMMC_SingleDonor_CellAnnotation_ClusterMetadata.tsv
syn52280423	Ma2020_BMMC_SingleDonor_CellClusterAssignment.tsv
syn52280341	Ma2020_BMMC_SingleDonor_RNA_ClusterMetadata.tsv
syn52280348	tagAligns/
syn52280393	tagAlign_Ma2020_BMMC_SingleDonor_CD4-positive.tsv.gz
syn52280363	tagAlign_Ma2020_BMMC_SingleDonor_CD4-positive.tsv.gz.tbi
syn52280394	tagAlign_Ma2020_BMMC_SingleDonor_CD8-positive.tsv.gz
syn52280362	tagAlign_Ma2020_BMMC_SingleDonor_CD8-positive.tsv.gz.tbi
syn52280390	tagAlign_Ma2020_BMMC_SingleDonor_common-myeloid-progenitor.tsv.gz
syn52280361	tagAlign_Ma2020_BMMC_SingleDonor_common-myeloid-progenitor.tsv.gz.tbi
syn52280389	tagAlign_Ma2020_BMMC_SingleDonor_erythrocyte.tsv.gz
syn52280360	tagAlign_Ma2020_BMMC_SingleDonor_erythrocyte.tsv.gz.tbi
syn52280388	tagAlign_Ma2020_BMMC_SingleDonor_erythroid-progenitor-cell.tsv.gz
syn52280359	tagAlign_Ma2020_BMMC_SingleDonor_erythroid-progenitor-cell.tsv.gz.tbi
syn52280387	tagAlign_Ma2020_BMMC_SingleDonor_granulocyte.tsv.gz
syn52280358	tagAlign_Ma2020_BMMC_SingleDonor_granulocyte.tsv.gz.tbi
syn52280386	tagAlign_Ma2020_BMMC_SingleDonor_hematopoietic-stem-cell.tsv.gz
syn52280357	tagAlign_Ma2020_BMMC_SingleDonor_hematopoietic-stem-cell.tsv.gz.tbi
syn52280383	tagAlign_Ma2020_BMMC_SingleDonor_macrophage.tsv.gz
syn52280356	tagAlign_Ma2020_BMMC_SingleDonor_macrophage.tsv.gz.tbi
syn52280382	tagAlign_Ma2020_BMMC_SingleDonor_mature-NK-T-cell.tsv.gz
syn52280355	tagAlign_Ma2020_BMMC_SingleDonor_mature-NK-T-cell.tsv.gz.tbi
syn52280381	tagAlign_Ma2020_BMMC_SingleDonor_memory-B-cell.tsv.gz
syn52280354	tagAlign_Ma2020_BMMC_SingleDonor_memory-B-cell.tsv.gz.tbi
syn52280377	tagAlign_Ma2020_BMMC_SingleDonor_monocyte.tsv.gz
syn52280353	tagAlign_Ma2020_BMMC_SingleDonor_monocyte.tsv.gz.tbi
syn52280368	tagAlign_Ma2020_BMMC_SingleDonor_naive-B-cell.tsv.gz
syn52280352	tagAlign_Ma2020_BMMC_SingleDonor_naive-B-cell.tsv.gz.tbi
syn52280365	tagAlign_Ma2020_BMMC_SingleDonor_neutrophil.tsv.gz
syn52280351	tagAlign_Ma2020_BMMC_SingleDonor_neutrophil.tsv.gz.tbi
syn52280364	tagAlign_Ma2020_BMMC_SingleDonor_plasma-cell.tsv.gz
syn52280350	tagAlign_Ma2020_BMMC_SingleDonor_plasma-cell.tsv.gz.tbi
syn52253600	gsm5342787_srr14664735.filtered/
syn52253601	gsm5342787_srr14664735.filtered_stats_tagAlign_cellTypes_file.tsv.gz
syn52253602	tagAlign_gsm5342787_srr14664735.filtered_Endothelial_PE.tsv.gz
syn52253603	tagAlign_gsm5342787_srr14664735.filtered_Fibroblast_PE.tsv.gz
syn52253604	tagAlign_gsm5342787_srr14664735.filtered_Macrophage_PE.tsv.gz
syn52253605	tagAlign_gsm5342787_srr14664735.filtered_Mast_PE.tsv.gz
syn52253606	tagAlign_gsm5342787_srr14664735.filtered_Pericyte_PE.tsv.gz
syn52253607	tagAlign_gsm5342787_srr14664735.filtered_Plasma_PE.tsv.gz
syn52253608	tagAlign_gsm5342787_srr14664735.filtered_SMC_PE.tsv.gz
syn52253609	tagAlign_gsm5342787_srr14664735.filtered_T_PE.tsv.gz
syn52253610	tagAlign_gsm5342787_srr14664735.filtered_unknown_PE.tsv.gz
syn52253597	k562_err9847049_multiome/
syn52253598	common_filtered_stats_tagAlign_cellTypes_file.tsv
syn52253599	tagAlign_common_filtered_lymphoblast_cells.tsv
syn52185783	try_folder/
syn52283018	Bridge_Satpathy_annotations/
syn52291722	Bridge_Satpathy.combinedFiltered.mm39.rna.h5
syn52283275	Bridge_Satpathy_CellClusterAssignment.tsv
syn52283262	Bridge_Satpathy_ClusterMetadata.tsv
syn52288875	tagAligns/
syn52293289	Bridge_Satpathy_Astrocyte.atac.filter.cutsites.mm39.tagAlign.gz
syn52293291	Bridge_Satpathy_Astrocyte.atac.filter.cutsites.mm39.tagAlign.gz.tbi
syn52293863	Bridge_Satpathy_GABA.atac.filter.cutsites.mm39.tagAlign.gz
syn52293865	Bridge_Satpathy_GABA.atac.filter.cutsites.mm39.tagAlign.gz.tbi
syn52295174	Bridge_Satpathy_GLUT.atac.filter.cutsites.mm39.tagAlign.gz
syn52294870	Bridge_Satpathy_GLUT.atac.filter.cutsites.mm39.tagAlign.gz.tbi
syn52293300	Bridge_Satpathy_Microglia.atac.filter.cutsites.mm39.tagAlign.gz
syn52293302	Bridge_Satpathy_Microglia.atac.filter.cutsites.mm39.tagAlign.gz.tbi
syn52293329	Bridge_Satpathy_OPC.atac.filter.cutsites.mm39.tagAlign.gz
syn52293330	Bridge_Satpathy_OPC.atac.filter.cutsites.mm39.tagAlign.gz.tbi
syn52293316	Bridge_Satpathy_Oligodendrocyte.atac.filter.cutsites.mm39.tagAlign.gz
syn52293318	Bridge_Satpathy_Oligodendrocyte.atac.filter.cutsites.mm39.tagAlign.gz.tbi
syn52293332	Bridge_Satpathy_VLMC.atac.filter.cutsites.mm39.tagAlign.gz
syn52293334	Bridge_Satpathy_VLMC.atac.filter.cutsites.mm39.tagAlign.gz.tbi
syn52262660	igvf_b01_LeftCortex_101.atac.filter.fragments.mm39.tsv.gz
syn52263977	igvf_b01_LeftCortex_101.atac.filter.fragments.mm39.tsv.gz.tbi
syn52046896	igvf_b01_LeftCortex_101.html
syn52262622	igvf_b01_LeftCortex_101.raw.tar
syn52262788	igvf_b01_LeftCortex_102.atac.filter.fragments.mm39.tsv.gz
syn52047112	igvf_b01_LeftCortex_102.atac.filter.fragments.mm39.tsv.gz.tbi
syn52047114	igvf_b01_LeftCortex_102.html
syn52262594	igvf_b01_LeftCortex_102.raw.tar
syn52262926	igvf_b01_LeftCortex_104.atac.filter.fragments.mm39.tsv.gz
syn52046892	igvf_b01_LeftCortex_104.atac.filter.fragments.mm39.tsv.gz.tbi
syn52046891	igvf_b01_LeftCortex_104.html
syn52262571	igvf_b01_LeftCortex_104.raw.tar
syn52263015	igvf_b01_LeftCortex_113.atac.filter.fragments.mm39.tsv.gz
syn52263978	igvf_b01_LeftCortex_113.atac.filter.fragments.mm39.tsv.gz.tbi
syn52262542	igvf_b01_LeftCortex_113.raw.tar
syn52046965	igvf_b01_LeftCortex_114.atac.filter.fragments.mm39.tsv.gz
syn52263979	igvf_b01_LeftCortex_114.atac.filter.fragments.mm39.tsv.gz.tbi
syn52046888	igvf_b01_LeftCortex_114.html
syn52262520	igvf_b01_LeftCortex_114.raw.tar
syn52059701	igvf_b01_LeftCortex_115.atac.filter.fragments.mm39.tsv.gz
syn52263980	igvf_b01_LeftCortex_115.atac.filter.fragments.mm39.tsv.gz.tbi
syn52262499	igvf_b01_LeftCortex_115.raw.tar
syn52264239	igvf_b01_LeftCortex_116.atac.filter.fragments.mm39.tsv.gz
syn52263981	igvf_b01_LeftCortex_116.atac.filter.fragments.mm39.tsv.gz.tbi
syn52046889	igvf_b01_LeftCortex_116.html
syn52262455	igvf_b01_LeftCortex_116.raw.tar
syn52262419	igvf_b01_LeftCortex_13A.raw.tar
syn52262745	igvf_b01_LeftCortex_13A_collapsed.tar
syn52262386	igvf_b01_LeftCortex_13B.raw.tar
syn52262757	igvf_b01_LeftCortex_13B_collapsed.tar
syn52262362	igvf_b01_LeftCortex_13C.raw.tar
syn52262765	igvf_b01_LeftCortex_13C_collapsed.tar
syn52262333	igvf_b01_LeftCortex_13D.raw.tar
syn52262782	igvf_b01_LeftCortex_13D_collapsed.tar
syn52059697	igvf_b01_LeftCortex_13E.html
syn52262303	igvf_b01_LeftCortex_13E.raw.tar
syn52262799	igvf_b01_LeftCortex_13E_collapsed.tar
syn52262263	igvf_b01_LeftCortex_13F.raw.tar
syn52262820	igvf_b01_LeftCortex_13F_collapsed.tar
syn52262172	igvf_b01_LeftCortex_13G.raw.tar
syn52262834	igvf_b01_LeftCortex_13G_collapsed.tar
syn52264110	igvf_b01_LeftCortex_13H.raw.tar
syn52262842	igvf_b01_LeftCortex_13H_collapsed.tar
syn52283017	igvf_b01_LeftCortex_annotations/
syn52283316	igvf_b01_LeftCortex.combinedFiltered.mm39.rna.h5
syn52283071	igvf_b01_LeftCortex_CellClusterAssignment.tsv
syn52291427	igvf_b01_LeftCortex_ClusterMetadata.tsv
syn52264445	igvf_b01_archr.tar.gz
syn52262245	seurat_files/
syn52262246	Bridge_annotations.csv
syn52262555	LeftCortex_broad_stanford_genes.csv
syn52262557	LeftCortex_broad_stanford_metadata.csv
syn52262708	LeftCortex_broad_stanford_sparse_matrix.mtx
syn52262709	LeftCortex_broad_uci_genes.csv
syn52262710	LeftCortex_broad_uci_metadata.csv
syn52262879	LeftCortex_broad_uci_sparse_matrix.mtx
syn52263013	LeftCortex_seurat_broad_stanford.rds
syn52263121	LeftCortex_seurat_broad_uci.rds
